classperiodname,localcoursecode,schoolid,schoolyear,sectionidentifier,sessionname,createdate
"02 - Traditional","ALG-1","255901001","2011","25590100102Trad220ALG112011","2010-2011 Fall Semester","2020-11-13 14:16:11.096595"
"05 - Traditional","ALG-2","255901001","2011","25590100105Trad220ALG212011","2010-2011 Fall Semester","2020-11-13 14:16:11.096961"
"03 - Traditional","ALG-1","255901001","2011","25590100103Trad220ALG112011","2010-2011 Fall Semester","2020-11-13 14:16:11.096988"
"04 - Traditional","ALG-1","255901001","2011","25590100104Trad220ALG112011","2010-2011 Fall Semester","2020-11-13 14:16:11.096500"
"06 - Traditional","ALG-2","255901001","2011","25590100106Trad220ALG212011","2010-2011 Fall Semester","2020-11-13 14:16:11.114352"
"07 - Traditional","ALG-2","255901001","2011","25590100107Trad220ALG212011","2010-2011 Fall Semester","2020-11-13 14:16:11.114435"
"02 - Traditional","ART-1","255901001","2011","25590100102Trad322ART112011","2010-2011 Fall Semester","2020-11-13 14:16:11.114851"
"01 - Traditional","ART-1","255901001","2011","25590100101Trad322ART112011","2010-2011 Fall Semester","2020-11-13 14:16:11.116871"
"07 - Traditional","ART-1","255901001","2011","25590100107Trad322ART112011","2010-2011 Fall Semester","2020-11-13 14:16:11.127437"
"04 - Traditional","ART2-EM","255901001","2011","25590100104Trad322ART2EM12011","2010-2011 Fall Semester","2020-11-13 14:16:11.128276"
"03 - Traditional","ART2-EM","255901001","2011","25590100103Trad322ART2EM12011","2010-2011 Fall Semester","2020-11-13 14:16:11.129080"
"05 - Traditional","ART2-EM","255901001","2011","25590100105Trad322ART2EM12011","2010-2011 Fall Semester","2020-11-13 14:16:11.129088"
"06 - Traditional","ART3-EM","255901001","2011","25590100106Trad323ART3EM12011","2010-2011 Fall Semester","2020-11-13 14:16:11.140143"
"02 - Traditional","ART3-EM","255901001","2011","25590100102Trad323ART3EM12011","2010-2011 Fall Semester","2020-11-13 14:16:11.140565"
"07 - Traditional","ART3-EM","255901001","2011","25590100107Trad323ART3EM12011","2010-2011 Fall Semester","2020-11-13 14:16:11.142006"
"03 - Traditional","BIO","255901001","2011","25590100103Trad222BIO12011","2010-2011 Fall Semester","2020-11-13 14:16:11.142507"
"04 - Traditional","BIO","255901001","2011","25590100104Trad222BIO12011","2010-2011 Fall Semester","2020-11-13 14:16:11.153156"
"05 - Traditional","BIO","255901001","2011","25590100105Trad222BIO12011","2010-2011 Fall Semester","2020-11-13 14:16:11.153160"
"03 - Traditional","CHEM","255901001","2011","25590100103Trad223CHEM12011","2010-2011 Fall Semester","2020-11-13 14:16:11.154211"
"04 - Traditional","CHEM","255901001","2011","25590100104Trad223CHEM12011","2010-2011 Fall Semester","2020-11-13 14:16:11.155678"
"05 - Traditional","CHEM","255901001","2011","25590100105Trad223CHEM12011","2010-2011 Fall Semester","2020-11-13 14:16:11.166693"
"03 - Traditional","CREAT-WR","255901001","2011","25590100103Trad321CREATWR12011","2010-2011 Fall Semester","2020-11-13 14:16:11.167003"
"01 - Traditional","CREAT-WR","255901001","2011","25590100101Trad321CREATWR12011","2010-2011 Fall Semester","2020-11-13 14:16:11.167401"
"02 - Traditional","CREAT-WR","255901001","2011","25590100102Trad321CREATWR12011","2010-2011 Fall Semester","2020-11-13 14:16:11.167531"
"02 - Traditional","ECO-FE","255901001","2011","25590100102Trad124ECOFE12011","2010-2011 Fall Semester","2020-11-13 14:16:11.179276"
"03 - Traditional","ECO-FE","255901001","2011","25590100103Trad124ECOFE12011","2010-2011 Fall Semester","2020-11-13 14:16:11.179354"
"04 - Traditional","ECO-FE","255901001","2011","25590100104Trad124ECOFE12011","2010-2011 Fall Semester","2020-11-13 14:16:11.179973"
"01 - Traditional","ENG-1","255901001","2011","25590100101Trad120ENG112011","2010-2011 Fall Semester","2020-11-13 14:16:11.180920"
"02 - Traditional","ENG-1","255901001","2011","25590100102Trad120ENG112011","2010-2011 Fall Semester","2020-11-13 14:16:11.191552"
"05 - Traditional","ENG-2","255901001","2011","25590100105Trad120ENG212011","2010-2011 Fall Semester","2020-11-13 14:16:11.192988"
"03 - Traditional","ENG-1","255901001","2011","25590100103Trad120ENG112011","2010-2011 Fall Semester","2020-11-13 14:16:11.193175"
"04 - Traditional","ENG-2","255901001","2011","25590100104Trad120ENG212011","2010-2011 Fall Semester","2020-11-13 14:16:11.193252"
"01 - Traditional","ENG-3","255901001","2011","25590100101Trad121ENG312011","2010-2011 Fall Semester","2020-11-13 14:16:11.204803"
"06 - Traditional","ENG-2","255901001","2011","25590100106Trad120ENG212011","2010-2011 Fall Semester","2020-11-13 14:16:11.205342"
"02 - Traditional","ENG-3","255901001","2011","25590100102Trad121ENG312011","2010-2011 Fall Semester","2020-11-13 14:16:11.211244"
"03 - Traditional","ENG-3","255901001","2011","25590100103Trad121ENG312011","2010-2011 Fall Semester","2020-11-13 14:16:11.212529"
"04 - Traditional","ENG-4","255901001","2011","25590100104Trad121ENG412011","2010-2011 Fall Semester","2020-11-13 14:16:11.219632"
"05 - Traditional","ENG-4","255901001","2011","25590100105Trad121ENG412011","2010-2011 Fall Semester","2020-11-13 14:16:11.219661"
"06 - Traditional","ENG-4","255901001","2011","25590100106Trad121ENG412011","2010-2011 Fall Semester","2020-11-13 14:16:11.222904"
"01 - Traditional","ENVIRSYS","255901001","2011","25590100101Trad222ENVIRSYS1201","2010-2011 Fall Semester","2020-11-13 14:16:11.224959"
"06 - Traditional","ENVIRSYS","255901001","2011","25590100106Trad222ENVIRSYS1201","2010-2011 Fall Semester","2020-11-13 14:16:11.231480"
"07 - Traditional","ENVIRSYS","255901001","2011","25590100107Trad222ENVIRSYS1201","2010-2011 Fall Semester","2020-11-13 14:16:11.232829"
"02 - Traditional","GEOM","255901001","2011","25590100102Trad221GEOM12011","2010-2011 Fall Semester","2020-11-13 14:16:11.233916"
"03 - Traditional","GEOM","255901001","2011","25590100103Trad221GEOM12011","2010-2011 Fall Semester","2020-11-13 14:16:11.237209"
"04 - Traditional","GEOM","255901001","2011","25590100104Trad221GEOM12011","2010-2011 Fall Semester","2020-11-13 14:16:11.243684"
"01 - Traditional","GOVT","255901001","2011","25590100101Trad122GOVT12011","2010-2011 Fall Semester","2020-11-13 14:16:11.244877"
"02 - Traditional","GOVT","255901001","2011","25590100102Trad122GOVT12011","2010-2011 Fall Semester","2020-11-13 14:16:11.245972"
"07 - Traditional","GOVT","255901001","2011","25590100107Trad122GOVT12011","2010-2011 Fall Semester","2020-11-13 14:16:11.251002"
"05 - Traditional","HLTH-ED","255901001","2011","25590100105Trad320HLTHED12011","2010-2011 Fall Semester","2020-11-13 14:16:11.257305"
"06 - Traditional","HLTH-ED","255901001","2011","25590100106Trad320HLTHED12011","2010-2011 Fall Semester","2020-11-13 14:16:11.257496"
"07 - Traditional","HLTH-ED","255901001","2011","25590100107Trad320HLTHED12011","2010-2011 Fall Semester","2020-11-13 14:16:11.258447"
"04 - Traditional","HUMT","255901001","2011","25590100104Trad321HUMT12011","2010-2011 Fall Semester","2020-11-13 14:16:11.265867"
"06 - Traditional","HUMT","255901001","2011","25590100106Trad321HUMT12011","2010-2011 Fall Semester","2020-11-13 14:16:11.271188"
"07 - Traditional","HUMT","255901001","2011","25590100107Trad321HUMT12011","2010-2011 Fall Semester","2020-11-13 14:16:11.271364"
"01 - Traditional","PHOTJOUR","255901001","2011","25590100101Trad124PHOTJOUR1201","2010-2011 Fall Semester","2020-11-13 14:16:11.271767"
"06 - Traditional","PHOTJOUR","255901001","2011","25590100106Trad124PHOTJOUR1201","2010-2011 Fall Semester","2020-11-13 14:16:11.280362"
"06 - Traditional","PHYSICS","255901001","2011","25590100106Trad223PHYSICS12011","2010-2011 Fall Semester","2020-11-13 14:16:11.285164"
"07 - Traditional","PHOTJOUR","255901001","2011","25590100107Trad124PHOTJOUR1201","2010-2011 Fall Semester","2020-11-13 14:16:11.285202"
"01 - Traditional","PHYSICS","255901001","2011","25590100101Trad223PHYSICS12011","2010-2011 Fall Semester","2020-11-13 14:16:11.285717"
"07 - Traditional","PHYSICS","255901001","2011","25590100107Trad223PHYSICS12011","2010-2011 Fall Semester","2020-11-13 14:16:11.294347"
"05 - Traditional","PRE-CALC","255901001","2011","25590100105Trad221PRECALC12011","2010-2011 Fall Semester","2020-11-13 14:16:11.297456"
"06 - Traditional","PRE-CALC","255901001","2011","25590100106Trad221PRECALC12011","2010-2011 Fall Semester","2020-11-13 14:16:11.298934"
"07 - Traditional","PRE-CALC","255901001","2011","25590100107Trad221PRECALC12011","2010-2011 Fall Semester","2020-11-13 14:16:11.298945"
"02 - Traditional","SPAN-1","255901001","2011","25590100102Trad324SPAN112011","2010-2011 Fall Semester","2020-11-13 14:16:11.307542"
"03 - Traditional","SPAN-1","255901001","2011","25590100103Trad324SPAN112011","2010-2011 Fall Semester","2020-11-13 14:16:11.309461"
"05 - Traditional","SPAN-2","255901001","2011","25590100105Trad324SPAN212011","2010-2011 Fall Semester","2020-11-13 14:16:11.326983"
"02 - Traditional","US-HIST","255901001","2011","25590100102Trad123USHIST12011","2010-2011 Fall Semester","2020-11-13 14:16:11.344539"
"05 - Traditional","WGEO","255901001","2011","25590100105Trad122WGEO12011","2010-2011 Fall Semester","2020-11-13 14:16:11.353580"
"06 - Traditional","WGEO","255901001","2011","25590100106Trad122WGEO12011","2010-2011 Fall Semester","2020-11-13 14:16:11.364726"
"04 - Traditional","ALG-1","255901001","2011","25590100104Trad220ALG122011","2010-2011 Spring Semester","2020-11-13 14:16:11.369110"
"06 - Traditional","ALG-2","255901001","2011","25590100106Trad220ALG222011","2010-2011 Spring Semester","2020-11-13 14:16:11.378817"
"07 - Traditional","ART-1","255901001","2011","25590100107Trad322ART122011","2010-2011 Spring Semester","2020-11-13 14:16:11.392856"
"05 - Traditional","ART2-EM","255901001","2011","25590100105Trad322ART2EM22011","2010-2011 Spring Semester","2020-11-13 14:16:11.405384"
"04 - Traditional","BIO","255901001","2011","25590100104Trad222BIO22011","2010-2011 Spring Semester","2020-11-13 14:16:11.418758"
"05 - Traditional","CHEM","255901001","2011","25590100105Trad223CHEM22011","2010-2011 Spring Semester","2020-11-13 14:16:11.432103"
"03 - Traditional","CREAT-WR","255901001","2011","25590100103Trad321CREATWR22011","2010-2011 Spring Semester","2020-11-13 14:16:11.445701"
"01 - Traditional","ENG-1","255901001","2011","25590100101Trad120ENG122011","2010-2011 Spring Semester","2020-11-13 14:16:11.458984"
"05 - Traditional","ENG-2","255901001","2011","25590100105Trad120ENG222011","2010-2011 Spring Semester","2020-11-13 14:16:11.472700"
"04 - Traditional","ENG-4","255901001","2011","25590100104Trad121ENG422011","2010-2011 Spring Semester","2020-11-13 14:16:11.486211"
"06 - Traditional","ENVIRSYS","255901001","2011","25590100106Trad222ENVIRSYS2201","2010-2011 Spring Semester","2020-11-13 14:16:11.499875"
"02 - Traditional","GOVT","255901001","2011","25590100102Trad122GOVT22011","2010-2011 Spring Semester","2020-11-13 14:16:11.514464"
"01 - Traditional","GOVT","255901001","2011","25590100101Trad122GOVT22011","2010-2011 Spring Semester","2020-11-13 14:16:11.521867"
"06 - Traditional","HLTH-ED","255901001","2011","25590100106Trad320HLTHED22011","2010-2011 Spring Semester","2020-11-13 14:16:11.533905"
"06 - Traditional","HUMT","255901001","2011","25590100106Trad321HUMT22011","2010-2011 Spring Semester","2020-11-13 14:16:11.541798"
"07 - Traditional","HUMT","255901001","2011","25590100107Trad321HUMT22011","2010-2011 Spring Semester","2020-11-13 14:16:11.550056"
"06 - Traditional","PHOTJOUR","255901001","2011","25590100106Trad124PHOTJOUR2201","2010-2011 Spring Semester","2020-11-13 14:16:11.556118"
"07 - Traditional","PHOTJOUR","255901001","2011","25590100107Trad124PHOTJOUR2201","2010-2011 Spring Semester","2020-11-13 14:16:11.561358"
"06 - Traditional","PHYSICS","255901001","2011","25590100106Trad223PHYSICS22011","2010-2011 Spring Semester","2020-11-13 14:16:11.576120"
"06 - Traditional","PRE-CALC","255901001","2011","25590100106Trad221PRECALC22011","2010-2011 Spring Semester","2020-11-13 14:16:11.594190"
"03 - Traditional","SPAN-1","255901001","2011","25590100103Trad324SPAN122011","2010-2011 Spring Semester","2020-11-13 14:16:11.606064"
"07 - Traditional","SPAN-2","255901001","2011","25590100107Trad325SPAN222011","2010-2011 Spring Semester","2020-11-13 14:16:11.625068"
"01 - Traditional","US-HIST","255901001","2011","25590100101Trad123USHIST22011","2010-2011 Spring Semester","2020-11-13 14:16:11.651130"
"05 - Traditional","WGEO","255901001","2011","25590100105Trad122WGEO22011","2010-2011 Spring Semester","2020-11-13 14:16:11.660721"
"06 - Traditional","ART-06","255901044","2011","25590104406Trad114ART0612011","2010-2011 Fall Semester","2020-11-13 14:16:11.674231"
"03 - Traditional","BAND-07","255901044","2011","25590104403Trad310BAND0712011","2010-2011 Fall Semester","2020-11-13 14:16:11.705314"
"02 - Traditional","ELA-06","255901044","2011","25590104402Trad110ELA0612011","2010-2011 Fall Semester","2020-11-13 14:16:11.723826"
"04 - Traditional","ELA-07","255901044","2011","25590104404Trad110ELA0712011","2010-2011 Fall Semester","2020-11-13 14:16:11.745746"
"07 - Traditional","HLTH-07","255901044","2011","25590104407Trad115HLTH0712011","2010-2011 Fall Semester","2020-11-13 14:16:11.768970"
"06 - Traditional","HLTH-08","255901044","2011","25590104406Trad115HLTH0812011","2010-2011 Fall Semester","2020-11-13 14:16:11.811235"
"04 - Traditional","MATH-06","255901044","2011","25590104404Trad210MATH0612011","2010-2011 Fall Semester","2020-11-13 14:16:11.825648"
"02 - Traditional","MATH-08","255901044","2011","25590104402Trad211MATH0812011","2010-2011 Fall Semester","2020-11-13 14:16:11.844639"
"01 - Traditional","PE-06","255901044","2011","25590104401TradGYMNPE0612011","2010-2011 Fall Semester","2020-11-13 14:16:11.861477"
"01 - Traditional","PE-07","255901044","2011","25590104401TradGYMSPE0712011","2010-2011 Fall Semester","2020-11-13 14:16:11.872434"
"04 - Traditional","PE-08","255901044","2011","25590104401TradGYMSPE0712011","2010-2011 Fall Semester","2020-11-13 14:16:11.884630"
"05 - Traditional","SCI-06","255901044","2011","25590104405Trad212SCI0612011","2010-2011 Fall Semester","2020-11-13 14:16:11.895972"
"01 - Traditional","SCI-08","255901044","2011","25590104401Trad213SCI0812011","2010-2011 Fall Semester","2020-11-13 14:16:11.908608"
"03 - Traditional","SS-08","255901044","2011","25590104406Trad113SS0712011","2010-2011 Fall Semester","2020-11-13 14:16:11.947381"
"01 - Traditional","BAND-08","255901044","2011","25590104401Trad310BAND0822011","2010-2011 Spring Semester","2020-11-13 14:16:11.963837"
"01 - Traditional","ELA-06","255901044","2011","25590104401Trad110ELA0622011","2010-2011 Spring Semester","2020-11-13 14:16:11.973612"
"03 - Traditional","ELA-06","255901044","2011","25590104403Trad110ELA0622011","2010-2011 Spring Semester","2020-11-13 14:16:11.987901"
"06 - Traditional","ELA-08","255901044","2011","25590104406Trad111ELA0822011","2010-2011 Spring Semester","2020-11-13 14:16:12.002180"
"07 - Traditional","HLTH-07","255901044","2011","25590104407Trad115HLTH0722011","2010-2011 Spring Semester","2020-11-13 14:16:12.014380"
"03 - Traditional","MATH-06","255901044","2011","25590104403Trad210MATH0622011","2010-2011 Spring Semester","2020-11-13 14:16:12.027806"
"05 - Traditional","MATH-07","255901044","2011","25590104405Trad211MATH0722011","2010-2011 Spring Semester","2020-11-13 14:16:12.040502"
"01 - Traditional","MUS-06","255901044","2011","25590104401Trad310MUS0622011","2010-2011 Spring Semester","2020-11-13 14:16:12.054388"
"02 - Traditional","PE-06","255901044","2011","25590104402TradGYMNPE0622011","2010-2011 Spring Semester","2020-11-13 14:16:12.067679"
"03 - Traditional","PE-07","255901044","2011","25590104403TradGYMNPE0722011","2010-2011 Spring Semester","2020-11-13 14:16:12.082216"
"03 - Traditional","SCI-06","255901044","2011","25590104403Trad212SCI0622011","2010-2011 Spring Semester","2020-11-13 14:16:12.096065"
"06 - Traditional","SCI-07","255901044","2011","25590104406Trad213SCI0722011","2010-2011 Spring Semester","2020-11-13 14:16:12.109107"
"04 - Traditional","SS-06","255901044","2011","25590104404Trad112SS0622011","2010-2011 Spring Semester","2020-11-13 14:16:12.122444"
"07 - Traditional","SS-07","255901044","2011","25590104407Trad113SS0722011","2010-2011 Spring Semester","2020-11-13 14:16:12.136915"
"04 - Traditional","SS-08","255901044","2011","25590104407Trad113SS0722011","2010-2011 Spring Semester","2020-11-13 14:16:12.149279"
"07 - Traditional","ART-03","255901107","2011","25590110707Trad505ART0312011","2010-2011 Fall Semester","2020-11-13 14:16:12.188890"
"03 - Traditional","ART-04","255901107","2011","25590110703Trad506ART0412011","2010-2011 Fall Semester","2020-11-13 14:16:12.195908"
"07 - Traditional","ART-04","255901107","2011","25590110707Trad506ART0412011","2010-2011 Fall Semester","2020-11-13 14:16:12.202421"
"01 - Traditional","ART-05","255901107","2011","25590110701Trad505ART0512011","2010-2011 Fall Semester","2020-11-13 14:16:12.210172"
"05 - Traditional","ART-05","255901107","2011","25590110704Trad506ART0512011","2010-2011 Fall Semester","2020-11-13 14:16:12.216179"
"01 - Traditional","ELA-01","255901107","2011","25590110701Trad104ELA0112011","2010-2011 Fall Semester","2020-11-13 14:16:12.228637"
"01 - Traditional","ELA-02","255901107","2011","25590110701Trad107ELA0212011","2010-2011 Fall Semester","2020-11-13 14:16:12.239784"
"04 - Traditional","SPAN-1","255901001","2011","25590100104Trad324SPAN112011","2010-2011 Fall Semester","2020-11-13 14:16:11.311806"
"07 - Traditional","SPAN-2","255901001","2011","25590100107Trad325SPAN212011","2010-2011 Fall Semester","2020-11-13 14:16:11.327009"
"04 - Traditional","TAMULTIM","255901001","2011","25590100104Trad323TAMULTIM1201","2010-2011 Fall Semester","2020-11-13 14:16:11.335184"
"05 - Traditional","TAMULTIM","255901001","2011","25590100105Trad323TAMULTIM1201","2010-2011 Fall Semester","2020-11-13 14:16:11.339683"
"03 - Traditional","ALG-1","255901001","2011","25590100103Trad220ALG122011","2010-2011 Spring Semester","2020-11-13 14:16:11.366032"
"07 - Traditional","ALG-2","255901001","2011","25590100107Trad220ALG222011","2010-2011 Spring Semester","2020-11-13 14:16:11.378881"
"03 - Traditional","ART2-EM","255901001","2011","25590100103Trad322ART2EM22011","2010-2011 Spring Semester","2020-11-13 14:16:11.392895"
"07 - Traditional","ART3-EM","255901001","2011","25590100107Trad323ART3EM22011","2010-2011 Spring Semester","2020-11-13 14:16:11.407000"
"03 - Traditional","BIO","255901001","2011","25590100103Trad222BIO22011","2010-2011 Spring Semester","2020-11-13 14:16:11.418751"
"02 - Traditional","CREAT-WR","255901001","2011","25590100102Trad321CREATWR22011","2010-2011 Spring Semester","2020-11-13 14:16:11.433827"
"03 - Traditional","ECO-FE","255901001","2011","25590100103Trad124ECOFE22011","2010-2011 Spring Semester","2020-11-13 14:16:11.447720"
"03 - Traditional","ENG-1","255901001","2011","25590100103Trad120ENG122011","2010-2011 Spring Semester","2020-11-13 14:16:11.459939"
"02 - Traditional","ENG-3","255901001","2011","25590100102Trad121ENG322011","2010-2011 Spring Semester","2020-11-13 14:16:11.474012"
"05 - Traditional","ENG-4","255901001","2011","25590100105Trad121ENG422011","2010-2011 Spring Semester","2020-11-13 14:16:11.486327"
"07 - Traditional","ENVIRSYS","255901001","2011","25590100107Trad222ENVIRSYS2201","2010-2011 Spring Semester","2020-11-13 14:16:11.499813"
"04 - Traditional","GEOM","255901001","2011","25590100104Trad221GEOM22011","2010-2011 Spring Semester","2020-11-13 14:16:11.514501"
"05 - Traditional","HLTH-ED","255901001","2011","25590100105Trad320HLTHED22011","2010-2011 Spring Semester","2020-11-13 14:16:11.528207"
"04 - Traditional","HUMT","255901001","2011","25590100104Trad321HUMT22011","2010-2011 Spring Semester","2020-11-13 14:16:11.542110"
"07 - Traditional","PHYSICS","255901001","2011","25590100107Trad223PHYSICS22011","2010-2011 Spring Semester","2020-11-13 14:16:11.572744"
"04 - Traditional","SPAN-1","255901001","2011","25590100104Trad324SPAN122011","2010-2011 Spring Semester","2020-11-13 14:16:11.609445"
"04 - Traditional","TAMULTIM","255901001","2011","25590100104Trad323TAMULTIM2201","2010-2011 Spring Semester","2020-11-13 14:16:11.627533"
"05 - Traditional","TAMULTIM","255901001","2011","25590100105Trad323TAMULTIM2201","2010-2011 Spring Semester","2020-11-13 14:16:11.644745"
"06 - Traditional","WGEO","255901001","2011","25590100106Trad122WGEO22011","2010-2011 Spring Semester","2020-11-13 14:16:11.661669"
"07 - Traditional","ART-06","255901044","2011","25590104407Trad114ART0612011","2010-2011 Fall Semester","2020-11-13 14:16:11.679003"
"06 - Traditional","BAND-08","255901044","2011","25590104406Trad310BAND0812011","2010-2011 Fall Semester","2020-11-13 14:16:11.706776"
"03 - Traditional","ELA-06","255901044","2011","25590104403Trad110ELA0612011","2010-2011 Fall Semester","2020-11-13 14:16:11.726965"
"04 - Traditional","ELA-07","255901044","2011","25590104404Trad111ELA0712011","2010-2011 Fall Semester","2020-11-13 14:16:11.748611"
"02 - Traditional","HLTH-07","255901044","2011","25590104402Trad114HLTH0712011","2010-2011 Fall Semester","2020-11-13 14:16:11.765364"
"04 - Traditional","HLTH-08","255901044","2011","25590104404Trad115HLTH0812011","2010-2011 Fall Semester","2020-11-13 14:16:11.769734"
"02 - Traditional","MATH-06","255901044","2011","25590104402Trad210MATH0612011","2010-2011 Fall Semester","2020-11-13 14:16:11.814026"
"04 - Traditional","MATH-07","255901044","2011","25590104404Trad211MATH0712011","2010-2011 Fall Semester","2020-11-13 14:16:11.826567"
"06 - Traditional","MATH-08","255901044","2011","25590104406Trad211MATH0812011","2010-2011 Fall Semester","2020-11-13 14:16:11.845601"
"01 - Traditional","MUS-06","255901044","2011","25590104401Trad310MUS0612011","2010-2011 Fall Semester","2020-11-13 14:16:11.856865"
"02 - Traditional","PE-06","255901044","2011","25590104402TradGYMNPE0612011","2010-2011 Fall Semester","2020-11-13 14:16:11.861595"
"03 - Traditional","SCI-06","255901044","2011","25590104403Trad212SCI0612011","2010-2011 Fall Semester","2020-11-13 14:16:11.891980"
"05 - Traditional","SCI-07","255901044","2011","25590104405Trad213SCI0712011","2010-2011 Fall Semester","2020-11-13 14:16:11.898857"
"06 - Traditional","SCI-07","255901044","2011","25590104406Trad212SCI0712011","2010-2011 Fall Semester","2020-11-13 14:16:11.905484"
"02 - Traditional","SCI-08","255901044","2011","25590104402Trad213SCI0812011","2010-2011 Fall Semester","2020-11-13 14:16:11.912011"
"05 - Traditional","SS-06","255901044","2011","25590104405Trad112SS0612011","2010-2011 Fall Semester","2020-11-13 14:16:11.921489"
"07 - Traditional","SS-07","255901044","2011","25590104407Trad112SS0712011","2010-2011 Fall Semester","2020-11-13 14:16:11.934583"
"04 - Traditional","SS-08","255901044","2011","25590104407Trad113SS0712011","2010-2011 Fall Semester","2020-11-13 14:16:11.947572"
"03 - Traditional","BAND-07","255901044","2011","25590104403Trad310BAND0722011","2010-2011 Spring Semester","2020-11-13 14:16:11.961449"
"06 - Traditional","BAND-08","255901044","2011","25590104406Trad310BAND0822011","2010-2011 Spring Semester","2020-11-13 14:16:11.974242"
"03 - Traditional","ELA-07","255901044","2011","25590104403Trad111ELA0722011","2010-2011 Spring Semester","2020-11-13 14:16:11.988167"
"07 - Traditional","ELA-08","255901044","2011","25590104407Trad111ELA0822011","2010-2011 Spring Semester","2020-11-13 14:16:12.003007"
"05 - Traditional","HLTH-08","255901044","2011","25590104405Trad115HLTH0822011","2010-2011 Spring Semester","2020-11-13 14:16:12.016219"
"04 - Traditional","MATH-07","255901044","2011","25590104404Trad211MATH0722011","2010-2011 Spring Semester","2020-11-13 14:16:12.029006"
"06 - Traditional","MATH-08","255901044","2011","25590104406Trad211MATH0822011","2010-2011 Spring Semester","2020-11-13 14:16:12.041305"
"07 - Traditional","MUS-06","255901044","2011","25590104407Trad310MUS0622011","2010-2011 Spring Semester","2020-11-13 14:16:12.054378"
"01 - Traditional","PE-07","255901044","2011","25590104401TradGYMSPE0722011","2010-2011 Spring Semester","2020-11-13 14:16:12.067693"
"04 - Traditional","PE-08","255901044","2011","25590104401TradGYMSPE0722011","2010-2011 Spring Semester","2020-11-13 14:16:12.083110"
"04 - Traditional","SCI-06","255901044","2011","25590104404Trad212SCI0622011","2010-2011 Spring Semester","2020-11-13 14:16:12.095987"
"01 - Traditional","SCI-08","255901044","2011","25590104401Trad213SCI0822011","2010-2011 Spring Semester","2020-11-13 14:16:12.110263"
"06 - Traditional","SS-06","255901044","2011","25590104406Trad112SS0622011","2010-2011 Spring Semester","2020-11-13 14:16:12.124225"
"01 - Traditional","SS-08","255901044","2011","25590104407Trad112SS0722011","2010-2011 Spring Semester","2020-11-13 14:16:12.137073"
"03 - Traditional","ART-01","255901107","2011","25590110703Trad504ART0112011","2010-2011 Fall Semester","2020-11-13 14:16:12.150385"
"06 - Traditional","ART-01","255901107","2011","25590110706Trad504ART0112011","2010-2011 Fall Semester","2020-11-13 14:16:12.161986"
"07 - Traditional","ART-02","255901107","2011","25590110707Trad504ART0212011","2010-2011 Fall Semester","2020-11-13 14:16:12.175235"
"02 - Traditional","ART-04","255901107","2011","25590110702Trad506ART0412011","2010-2011 Fall Semester","2020-11-13 14:16:12.188973"
"01 - Traditional","ART-05","255901107","2011","25590110701Trad506ART0512011","2010-2011 Fall Semester","2020-11-13 14:16:12.202345"
"01 - Traditional","ELA-01","255901107","2011","25590110701Trad101ELA0112011","2010-2011 Fall Semester","2020-11-13 14:16:12.216973"
"01 - Traditional","ELA-02","255901107","2011","25590110701Trad105ELA0212011","2010-2011 Fall Semester","2020-11-13 14:16:12.229362"
"01 - Traditional","ELA-03","255901107","2011","25590110701Trad201ELA0312011","2010-2011 Fall Semester","2020-11-13 14:16:12.242011"
"01 - Traditional","ELA-03","255901107","2011","25590110701Trad204ELA0312011","2010-2011 Fall Semester","2020-11-13 14:16:12.253627"
"01 - Traditional","ART-1","255901001","2011","25590100101Trad322ART122011","2010-2011 Spring Semester","2020-11-13 14:16:11.381306"
"04 - Traditional","ART2-EM","255901001","2011","25590100104Trad322ART2EM22011","2010-2011 Spring Semester","2020-11-13 14:16:11.394574"
"02 - Traditional","ART3-EM","255901001","2011","25590100102Trad323ART3EM22011","2010-2011 Spring Semester","2020-11-13 14:16:11.407466"
"03 - Traditional","CHEM","255901001","2011","25590100103Trad223CHEM22011","2010-2011 Spring Semester","2020-11-13 14:16:11.420567"
"01 - Traditional","CREAT-WR","255901001","2011","25590100101Trad321CREATWR22011","2010-2011 Spring Semester","2020-11-13 14:16:11.433040"
"04 - Traditional","ECO-FE","255901001","2011","25590100104Trad124ECOFE22011","2010-2011 Spring Semester","2020-11-13 14:16:11.449121"
"04 - Traditional","ENG-2","255901001","2011","25590100104Trad120ENG222011","2010-2011 Spring Semester","2020-11-13 14:16:11.461115"
"01 - Traditional","ENG-3","255901001","2011","25590100101Trad121ENG322011","2010-2011 Spring Semester","2020-11-13 14:16:11.474112"
"06 - Traditional","ENG-4","255901001","2011","25590100106Trad121ENG422011","2010-2011 Spring Semester","2020-11-13 14:16:11.487332"
"02 - Traditional","GEOM","255901001","2011","25590100102Trad221GEOM22011","2010-2011 Spring Semester","2020-11-13 14:16:11.500881"
"05 - Traditional","SPAN-2","255901001","2011","25590100105Trad324SPAN222011","2010-2011 Spring Semester","2020-11-13 14:16:11.623876"
"02 - Traditional","US-HIST","255901001","2011","25590100102Trad123USHIST22011","2010-2011 Spring Semester","2020-11-13 14:16:11.644745"
"01 - Traditional","BAND-07","255901044","2011","25590104401Trad310BAND0712011","2010-2011 Fall Semester","2020-11-13 14:16:11.682047"
"03 - Traditional","ELA-07","255901044","2011","25590104403Trad111ELA0712011","2010-2011 Fall Semester","2020-11-13 14:16:11.726725"
"07 - Traditional","MATH-08","255901044","2011","25590104407Trad211MATH0812011","2010-2011 Fall Semester","2020-11-13 14:16:11.846987"
"02 - Traditional","PE-07","255901044","2011","25590104402TradGYMSPE0712011","2010-2011 Fall Semester","2020-11-13 14:16:11.873969"
"05 - Traditional","PE-08","255901044","2011","25590104402TradGYMSPE0712011","2010-2011 Fall Semester","2020-11-13 14:16:11.886453"
"04 - Traditional","SS-06","255901044","2011","25590104404Trad112SS0612011","2010-2011 Fall Semester","2020-11-13 14:16:11.920834"
"07 - Traditional","SS-07","255901044","2011","25590104407Trad113SS0712011","2010-2011 Fall Semester","2020-11-13 14:16:11.936001"
"05 - Traditional","ART-06","255901044","2011","25590104405Trad114ART0622011","2010-2011 Spring Semester","2020-11-13 14:16:11.948202"
"07 - Traditional","ART-06","255901044","2011","25590104407Trad114ART0622011","2010-2011 Spring Semester","2020-11-13 14:16:11.960127"
"02 - Traditional","ELA-06","255901044","2011","25590104402Trad110ELA0622011","2010-2011 Spring Semester","2020-11-13 14:16:11.975360"
"04 - Traditional","ELA-07","255901044","2011","25590104404Trad111ELA0722011","2010-2011 Spring Semester","2020-11-13 14:16:11.988432"
"02 - Traditional","HLTH-07","255901044","2011","25590104402Trad114HLTH0722011","2010-2011 Spring Semester","2020-11-13 14:16:12.003335"
"06 - Traditional","HLTH-08","255901044","2011","25590104406Trad115HLTH0822011","2010-2011 Spring Semester","2020-11-13 14:16:12.016207"
"04 - Traditional","MATH-06","255901044","2011","25590104404Trad210MATH0622011","2010-2011 Spring Semester","2020-11-13 14:16:12.029515"
"02 - Traditional","MATH-08","255901044","2011","25590104402Trad211MATH0822011","2010-2011 Spring Semester","2020-11-13 14:16:12.042413"
"01 - Traditional","PE-06","255901044","2011","25590104401TradGYMNPE0622011","2010-2011 Spring Semester","2020-11-13 14:16:12.055931"
"02 - Traditional","PE-07","255901044","2011","25590104402TradGYMSPE0722011","2010-2011 Spring Semester","2020-11-13 14:16:12.068567"
"03 - Traditional","PE-08","255901044","2011","25590104403TradGYMNPE0722011","2010-2011 Spring Semester","2020-11-13 14:16:12.083713"
"05 - Traditional","SCI-07","255901044","2011","25590104405Trad213SCI0722011","2010-2011 Spring Semester","2020-11-13 14:16:12.099420"
"02 - Traditional","SCI-08","255901044","2011","25590104402Trad213SCI0822011","2010-2011 Spring Semester","2020-11-13 14:16:12.112182"
"05 - Traditional","SS-06","255901044","2011","25590104405Trad112SS0622011","2010-2011 Spring Semester","2020-11-13 14:16:12.124243"
"07 - Traditional","SS-07","255901044","2011","25590104407Trad112SS0722011","2010-2011 Spring Semester","2020-11-13 14:16:12.137936"
"02 - Traditional","ART-01","255901107","2011","25590110702Trad504ART0112011","2010-2011 Fall Semester","2020-11-13 14:16:12.151446"
"04 - Traditional","ART-02","255901107","2011","25590110704Trad504ART0212011","2010-2011 Fall Semester","2020-11-13 14:16:12.162911"
"02 - Traditional","ART-03","255901107","2011","25590110702Trad505ART0312011","2010-2011 Fall Semester","2020-11-13 14:16:12.175691"
"01 - Traditional","ELA-01","255901107","2011","25590110701Trad102ELA0112011","2010-2011 Fall Semester","2020-11-13 14:16:12.224348"
"01 - Traditional","ELA-02","255901107","2011","25590110701Trad106ELA0212011","2010-2011 Fall Semester","2020-11-13 14:16:12.238137"
"01 - Traditional","ELA-04","255901107","2011","25590110701Trad205ELA0412011","2010-2011 Fall Semester","2020-11-13 14:16:12.254486"
"02 - Traditional","ELA-05","255901107","2011","25590110702Trad301ELA0512011","2010-2011 Fall Semester","2020-11-13 14:16:12.266934"
"02 - Traditional","MATH-01","255901107","2011","25590110702Trad103MATH0112011","2010-2011 Fall Semester","2020-11-13 14:16:12.280271"
"02 - Traditional","MATH-02","255901107","2011","25590110702Trad107MATH0212011","2010-2011 Fall Semester","2020-11-13 14:16:12.293889"
"02 - Traditional","MATH-03","255901107","2011","25590110702Trad201MATH0312011","2010-2011 Fall Semester","2020-11-13 14:16:12.306501"
"02 - Traditional","MATH-04","255901107","2011","25590110702Trad207MATH0412011","2010-2011 Fall Semester","2020-11-13 14:16:12.320591"
"05 - Traditional","MATH-05","255901107","2011","25590110705Trad301MATH0512011","2010-2011 Fall Semester","2020-11-13 14:16:12.333461"
"04 - Traditional","MUS-01","255901107","2011","25590110704Trad501MUS0112011","2010-2011 Fall Semester","2020-11-13 14:16:12.349778"
"02 - Traditional","MUS-02","255901107","2011","25590110702Trad501MUS0212011","2010-2011 Fall Semester","2020-11-13 14:16:12.361612"
"02 - Traditional","MUS-03","255901107","2011","25590110702Trad502MUS0312011","2010-2011 Fall Semester","2020-11-13 14:16:12.375169"
"05 - Traditional","MUS-04","255901107","2011","25590110705Trad503MUS0412011","2010-2011 Fall Semester","2020-11-13 14:16:12.390382"
"07 - Traditional","MUS-04","255901107","2011","25590110707Trad503MUS0412011","2010-2011 Fall Semester","2020-11-13 14:16:12.636855"
"07 - Traditional","PE-01","255901107","2011","25590110707TradGYMWPE0112011","2010-2011 Fall Semester","2020-11-13 14:16:12.650817"
"05 - Traditional","PE-03","255901107","2011","25590110705TradGYMEPE0312011","2010-2011 Fall Semester","2020-11-13 14:16:12.662426"
"03 - Traditional","PE-05","255901107","2011","25590110703TradGYMWPE0512011","2010-2011 Fall Semester","2020-11-13 14:16:12.675390"
"04 - Traditional","SCI-01","255901107","2011","25590110704Trad102SCI0112011","2010-2011 Fall Semester","2020-11-13 14:16:12.689736"
"03 - Traditional","SCI-02","255901107","2011","25590110703Trad108SCI0212011","2010-2011 Fall Semester","2020-11-13 14:16:12.702688"
"04 - Traditional","SCI-03","255901107","2011","25590110704Trad204SCI0312011","2010-2011 Fall Semester","2020-11-13 14:16:12.720141"
"05 - Traditional","SCI-04","255901107","2011","25590110705Trad208SCI0412011","2010-2011 Fall Semester","2020-11-13 14:16:12.739375"
"05 - Traditional","SS-01","255901107","2011","25590110705Trad104SS0112011","2010-2011 Fall Semester","2020-11-13 14:16:12.752925"
"05 - Traditional","SS-02","255901107","2011","25590110705Trad106SS0212011","2010-2011 Fall Semester","2020-11-13 14:16:12.765604"
"07 - Traditional","SS-02","255901107","2011","25590110707Trad107SS0212011","2010-2011 Fall Semester","2020-11-13 14:16:12.775655"
"07 - Traditional","SS-03","255901107","2011","25590110707Trad201SS0312011","2010-2011 Fall Semester","2020-11-13 14:16:12.788525"
"07 - Traditional","SS-04","255901107","2011","25590110707Trad206SS0412011","2010-2011 Fall Semester","2020-11-13 14:16:12.801588"
"03 - Traditional","ART-01","255901107","2011","25590110703Trad504ART0122011","2010-2011 Spring Semester","2020-11-13 14:16:12.816893"
"04 - Traditional","ART-02","255901107","2011","25590110704Trad505ART0222011","2010-2011 Spring Semester","2020-11-13 14:16:12.829223"
"03 - Traditional","SS-08","255901044","2011","25590104406Trad113SS0722011","2010-2011 Spring Semester","2020-11-13 14:16:12.148196"
"05 - Traditional","ART-01","255901107","2011","25590110705Trad504ART0112011","2010-2011 Fall Semester","2020-11-13 14:16:12.161387"
"04 - Traditional","ART-02","255901107","2011","25590110704Trad505ART0212011","2010-2011 Fall Semester","2020-11-13 14:16:12.166440"
"05 - Traditional","ART-02","255901107","2011","25590110705Trad505ART0212011","2010-2011 Fall Semester","2020-11-13 14:16:12.174719"
"03 - Traditional","ART-03","255901107","2011","25590110703Trad505ART0312011","2010-2011 Fall Semester","2020-11-13 14:16:12.180370"
"06 - Traditional","ART-03","255901107","2011","25590110706Trad505ART0312011","2010-2011 Fall Semester","2020-11-13 14:16:12.187354"
"06 - Traditional","ART-04","255901107","2011","25590110706Trad506ART0412011","2010-2011 Fall Semester","2020-11-13 14:16:12.200642"
"04 - Traditional","ART-05","255901107","2011","25590110705Trad506ART0512011","2010-2011 Fall Semester","2020-11-13 14:16:12.213458"
"01 - Traditional","ELA-01","255901107","2011","25590110701Trad103ELA0112011","2010-2011 Fall Semester","2020-11-13 14:16:12.227779"
"01 - Traditional","ELA-02","255901107","2011","25590110701Trad108ELA0212011","2010-2011 Fall Semester","2020-11-13 14:16:12.241627"
"01 - Traditional","ELA-03","255901107","2011","25590110701Trad202ELA0312011","2010-2011 Fall Semester","2020-11-13 14:16:12.251627"
"01 - Traditional","ELA-04","255901107","2011","25590110701Trad206ELA0412011","2010-2011 Fall Semester","2020-11-13 14:16:12.264093"
"04 - Traditional","ELA-05","255901107","2011","25590110704Trad302ELA0522011","2010-2011 Fall Semester","2020-11-13 14:16:12.277437"
"03 - Traditional","MATH-01","255901107","2011","25590110703Trad101MATH0112011","2010-2011 Fall Semester","2020-11-13 14:16:12.291048"
"02 - Traditional","MATH-02","255901107","2011","25590110702Trad108MATH0212011","2010-2011 Fall Semester","2020-11-13 14:16:12.304613"
"03 - Traditional","MATH-03","255901107","2011","25590110703Trad204MATH0312011","2010-2011 Fall Semester","2020-11-13 14:16:12.318689"
"02 - Traditional","MATH-04","255901107","2011","25590110702Trad208MATH0412011","2010-2011 Fall Semester","2020-11-13 14:16:12.332442"
"05 - Traditional","MATH-05","255901107","2011","25590110705Trad302MATH0512011","2010-2011 Fall Semester","2020-11-13 14:16:12.347183"
"06 - Traditional","MUS-01","255901107","2011","25590110706Trad501MUS0112011","2010-2011 Fall Semester","2020-11-13 14:16:12.360238"
"05 - Traditional","MUS-02","255901107","2011","25590110705Trad502MUS0212011","2010-2011 Fall Semester","2020-11-13 14:16:12.373583"
"06 - Traditional","MUS-03","255901107","2011","25590110706Trad502MUS0312011","2010-2011 Fall Semester","2020-11-13 14:16:12.388205"
"01 - Traditional","MUS-05","255901107","2011","25590110701Trad502MUS0512011","2010-2011 Fall Semester","2020-11-13 14:16:12.635534"
"02 - Traditional","MUS-05","255901107","2011","25590110702Trad503MUS0512011","2010-2011 Fall Semester","2020-11-13 14:16:12.648390"
"06 - Traditional","PE-02","255901107","2011","25590110706TradGYMEPE0212011","2010-2011 Fall Semester","2020-11-13 14:16:12.661106"
"04 - Traditional","PE-04","255901107","2011","25590110704TradGYMEPE0412011","2010-2011 Fall Semester","2020-11-13 14:16:12.673555"
"04 - Traditional","SCI-01","255901107","2011","25590110704Trad101SCI0112011","2010-2011 Fall Semester","2020-11-13 14:16:12.686471"
"03 - Traditional","SCI-02","255901107","2011","25590110703Trad107SCI0212011","2010-2011 Fall Semester","2020-11-13 14:16:12.701909"
"04 - Traditional","SCI-03","255901107","2011","25590110704Trad201SCI0312011","2010-2011 Fall Semester","2020-11-13 14:16:12.717010"
"04 - Traditional","SCI-03","255901107","2011","25590110704Trad202SCI0312011","2010-2011 Fall Semester","2020-11-13 14:16:12.723583"
"03 - Traditional","SCI-04","255901107","2011","25590110703Trad207SCI0412011","2010-2011 Fall Semester","2020-11-13 14:16:12.730876"
"06 - Traditional","SCI-05","255901107","2011","25590110706Trad301SCI0512011","2010-2011 Fall Semester","2020-11-13 14:16:12.742291"
"06 - Traditional","SCI-05","255901107","2011","25590110706Trad302SCI0512011","2010-2011 Fall Semester","2020-11-13 14:16:12.750793"
"06 - Traditional","SS-01","255901107","2011","25590110706Trad103SS0112011","2010-2011 Fall Semester","2020-11-13 14:16:12.763181"
"06 - Traditional","SS-03","255901107","2011","25590110706Trad202SS0312011","2010-2011 Fall Semester","2020-11-13 14:16:12.779969"
"07 - Traditional","SS-03","255901107","2011","25590110707Trad204SS0312011","2010-2011 Fall Semester","2020-11-13 14:16:12.791414"
"07 - Traditional","SS-05","255901107","2011","25590110707Trad302SS0512011","2010-2011 Fall Semester","2020-11-13 14:16:12.804540"
"07 - Traditional","SS-05","255901107","2011","25590110707Trad303SS0512011","2010-2011 Fall Semester","2020-11-13 14:16:12.814092"
"06 - Traditional","ART-01","255901107","2011","25590110706Trad504ART0122011","2010-2011 Spring Semester","2020-11-13 14:16:12.826883"
"05 - Traditional","ART-02","255901107","2011","25590110705Trad505ART0222011","2010-2011 Spring Semester","2020-11-13 14:16:12.839077"
"06 - Traditional","ART-03","255901107","2011","25590110706Trad505ART0322011","2010-2011 Spring Semester","2020-11-13 14:16:12.851892"
"06 - Traditional","ART-04","255901107","2011","25590110706Trad506ART0422011","2010-2011 Spring Semester","2020-11-13 14:16:12.865853"
"01 - Traditional","ART-05","255901107","2011","25590110701Trad506ART0522011","2010-2011 Spring Semester","2020-11-13 14:16:12.870019"
"05 - Traditional","ART-05","255901107","2011","25590110705Trad506ART0522011","2010-2011 Spring Semester","2020-11-13 14:16:13.112510"
"01 - Traditional","ELA-01","255901107","2011","25590110701Trad104ELA0122011","2010-2011 Spring Semester","2020-11-13 14:16:13.125427"
"01 - Traditional","ELA-03","255901107","2011","25590110701Trad201ELA0322011","2010-2011 Spring Semester","2020-11-13 14:16:13.141946"
"01 - Traditional","ELA-04","255901107","2011","25590110701Trad206ELA0422011","2010-2011 Spring Semester","2020-11-13 14:16:13.157290"
"04 - Traditional","ELA-05","255901107","2011","25590110704Trad302ELA0512011","2010-2011 Spring Semester","2020-11-13 14:16:13.171414"
"02 - Traditional","MATH-01","255901107","2011","25590110702Trad102MATH0122011","2010-2011 Spring Semester","2020-11-13 14:16:13.183018"
"02 - Traditional","MATH-02","255901107","2011","25590110702Trad108MATH0222011","2010-2011 Spring Semester","2020-11-13 14:16:13.203811"
"02 - Traditional","MATH-03","255901107","2011","25590110702Trad203MATH0322011","2010-2011 Spring Semester","2020-11-13 14:16:13.218323"
"03 - Traditional","MATH-03","255901107","2011","25590110703Trad204MATH0322011","2010-2011 Spring Semester","2020-11-13 14:16:13.222548"
"02 - Traditional","MATH-04","255901107","2011","25590110702Trad208MATH0422011","2010-2011 Spring Semester","2020-11-13 14:16:13.233536"
"04 - Traditional","MATH-05","255901107","2011","25590110704Trad303MATH0522011","2010-2011 Spring Semester","2020-11-13 14:16:13.243328"
"05 - Traditional","MATH-05","255901107","2011","25590110705Trad303MATH0522011","2010-2011 Spring Semester","2020-11-13 14:16:13.249657"
"03 - Traditional","MUS-01","255901107","2011","25590110703Trad501MUS0122011","2010-2011 Spring Semester","2020-11-13 14:16:13.259063"
"02 - Traditional","MUS-02","255901107","2011","25590110702Trad501MUS0222011","2010-2011 Spring Semester","2020-11-13 14:16:13.270695"
"02 - Traditional","MUS-03","255901107","2011","25590110702Trad502MUS0322011","2010-2011 Spring Semester","2020-11-13 14:16:13.284608"
"06 - Traditional","MUS-04","255901107","2011","25590110706Trad503MUS0422011","2010-2011 Spring Semester","2020-11-13 14:16:13.297969"
"01 - Traditional","MUS-05","255901107","2011","25590110701Trad503MUS0522011","2010-2011 Spring Semester","2020-11-13 14:16:13.311212"
"07 - Traditional","PE-01","255901107","2011","25590110707TradGYMEPE0122011","2010-2011 Spring Semester","2020-11-13 14:16:13.323559"
"05 - Traditional","PE-03","255901107","2011","25590110705TradGYMWPE0322011","2010-2011 Spring Semester","2020-11-13 14:16:13.337345"
"03 - Traditional","PE-05","255901107","2011","25590110703TradGYMWPE0522011","2010-2011 Spring Semester","2020-11-13 14:16:13.350551"
"04 - Traditional","SCI-01","255901107","2011","25590110704Trad102SCI0122011","2010-2011 Spring Semester","2020-11-13 14:16:13.364764"
"03 - Traditional","SCI-02","255901107","2011","25590110703Trad108SCI0222011","2010-2011 Spring Semester","2020-11-13 14:16:13.378129"
"04 - Traditional","SCI-03","255901107","2011","25590110704Trad204SCI0322011","2010-2011 Spring Semester","2020-11-13 14:16:13.391943"
"01 - Traditional","ELA-03","255901107","2011","25590110701Trad203ELA0312011","2010-2011 Fall Semester","2020-11-13 14:16:12.251629"
"01 - Traditional","ELA-04","255901107","2011","25590110701Trad208ELA0412011","2010-2011 Fall Semester","2020-11-13 14:16:12.265479"
"02 - Traditional","ELA-05","255901107","2011","25590110702Trad303ELA0512011","2010-2011 Fall Semester","2020-11-13 14:16:12.277285"
"02 - Traditional","MATH-01","255901107","2011","25590110702Trad104MATH0112011","2010-2011 Fall Semester","2020-11-13 14:16:12.290735"
"03 - Traditional","MATH-02","255901107","2011","25590110703Trad105MATH0212011","2010-2011 Fall Semester","2020-11-13 14:16:12.304597"
"03 - Traditional","MATH-03","255901107","2011","25590110703Trad202MATH0312011","2010-2011 Fall Semester","2020-11-13 14:16:12.318524"
"03 - Traditional","MATH-04","255901107","2011","25590110703Trad205MATH0412011","2010-2011 Fall Semester","2020-11-13 14:16:12.332709"
"05 - Traditional","MATH-05","255901107","2011","25590110705Trad303MATH0512011","2010-2011 Fall Semester","2020-11-13 14:16:12.347473"
"05 - Traditional","MUS-01","255901107","2011","25590110705Trad501MUS0112011","2010-2011 Fall Semester","2020-11-13 14:16:12.360256"
"07 - Traditional","MUS-02","255901107","2011","25590110707Trad501MUS0212011","2010-2011 Fall Semester","2020-11-13 14:16:12.373615"
"07 - Traditional","MUS-03","255901107","2011","25590110707Trad502MUS0312011","2010-2011 Fall Semester","2020-11-13 14:16:12.388937"
"06 - Traditional","MUS-04","255901107","2011","25590110706Trad503MUS0412011","2010-2011 Fall Semester","2020-11-13 14:16:12.635654"
"04 - Traditional","MUS-05","255901107","2011","25590110704Trad503MUS0512011","2010-2011 Fall Semester","2020-11-13 14:16:12.649591"
"06 - Traditional","PE-02","255901107","2011","25590110706TradGYMWPE0212011","2010-2011 Fall Semester","2020-11-13 14:16:12.661333"
"04 - Traditional","PE-04","255901107","2011","25590110704TradGYMWPE0412011","2010-2011 Fall Semester","2020-11-13 14:16:12.675474"
"03 - Traditional","SCI-01","255901107","2011","25590110703Trad103SCI0112011","2010-2011 Fall Semester","2020-11-13 14:16:12.686222"
"04 - Traditional","SCI-02","255901107","2011","25590110704Trad105SCI0212011","2010-2011 Fall Semester","2020-11-13 14:16:12.702222"
"04 - Traditional","SCI-03","255901107","2011","25590110704Trad203SCI0312011","2010-2011 Fall Semester","2020-11-13 14:16:12.716712"
"05 - Traditional","SCI-04","255901107","2011","25590110705Trad205SCI0412011","2010-2011 Fall Semester","2020-11-13 14:16:12.739046"
"05 - Traditional","SS-01","255901107","2011","25590110705Trad101SS0112011","2010-2011 Fall Semester","2020-11-13 14:16:12.751590"
"06 - Traditional","SS-01","255901107","2011","25590110706Trad102SS0112011","2010-2011 Fall Semester","2020-11-13 14:16:12.763144"
"07 - Traditional","SS-02","255901107","2011","25590110707Trad108SS0212011","2010-2011 Fall Semester","2020-11-13 14:16:12.778916"
"06 - Traditional","SS-04","255901107","2011","25590110706Trad207SS0412011","2010-2011 Fall Semester","2020-11-13 14:16:12.792223"
"07 - Traditional","SS-04","255901107","2011","25590110707Trad208SS0412011","2010-2011 Fall Semester","2020-11-13 14:16:12.803170"
"07 - Traditional","SS-05","255901107","2011","25590110707Trad304SS0512011","2010-2011 Fall Semester","2020-11-13 14:16:12.814668"
"05 - Traditional","ART-01","255901107","2011","25590110705Trad504ART0122011","2010-2011 Spring Semester","2020-11-13 14:16:12.827861"
"07 - Traditional","ART-02","255901107","2011","25590110707Trad504ART0222011","2010-2011 Spring Semester","2020-11-13 14:16:12.840787"
"07 - Traditional","ART-03","255901107","2011","25590110707Trad505ART0322011","2010-2011 Spring Semester","2020-11-13 14:16:12.852813"
"07 - Traditional","ART-04","255901107","2011","25590110707Trad506ART0422011","2010-2011 Spring Semester","2020-11-13 14:16:12.866134"
"01 - Traditional","ELA-01","255901107","2011","25590110701Trad101ELA0122011","2010-2011 Spring Semester","2020-11-13 14:16:13.112508"
"01 - Traditional","ELA-02","255901107","2011","25590110701Trad105ELA0222011","2010-2011 Spring Semester","2020-11-13 14:16:13.128687"
"01 - Traditional","ELA-03","255901107","2011","25590110701Trad202ELA0322011","2010-2011 Spring Semester","2020-11-13 14:16:13.142520"
"01 - Traditional","ELA-04","255901107","2011","25590110701Trad205ELA0422011","2010-2011 Spring Semester","2020-11-13 14:16:13.156831"
"01 - Traditional","ELA-04","255901107","2011","25590110701Trad208ELA0422011","2010-2011 Spring Semester","2020-11-13 14:16:13.168058"
"02 - Traditional","MATH-01","255901107","2011","25590110702Trad103MATH0122011","2010-2011 Spring Semester","2020-11-13 14:16:13.186087"
"03 - Traditional","MATH-02","255901107","2011","25590110703Trad105MATH0222011","2010-2011 Spring Semester","2020-11-13 14:16:13.204684"
"02 - Traditional","MATH-03","255901107","2011","25590110702Trad201MATH0322011","2010-2011 Spring Semester","2020-11-13 14:16:13.216137"
"02 - Traditional","MATH-04","255901107","2011","25590110702Trad206MATH0422011","2010-2011 Spring Semester","2020-11-13 14:16:13.229941"
"03 - Traditional","MATH-04","255901107","2011","25590110703Trad205MATH0422011","2010-2011 Spring Semester","2020-11-13 14:16:13.236453"
"05 - Traditional","MATH-05","255901107","2011","25590110705Trad302MATH0522011","2010-2011 Spring Semester","2020-11-13 14:16:13.247526"
"05 - Traditional","MUS-01","255901107","2011","25590110705Trad501MUS0122011","2010-2011 Spring Semester","2020-11-13 14:16:13.259131"
"04 - Traditional","MUS-02","255901107","2011","25590110704Trad502MUS0222011","2010-2011 Spring Semester","2020-11-13 14:16:13.271393"
"03 - Traditional","MUS-03","255901107","2011","25590110703Trad502MUS0322011","2010-2011 Spring Semester","2020-11-13 14:16:13.284558"
"03 - Traditional","MUS-04","255901107","2011","25590110703Trad503MUS0422011","2010-2011 Spring Semester","2020-11-13 14:16:13.297632"
"01 - Traditional","MUS-05","255901107","2011","25590110701Trad502MUS0522011","2010-2011 Spring Semester","2020-11-13 14:16:13.310721"
"07 - Traditional","PE-01","255901107","2011","25590110707TradGYMWPE0122011","2010-2011 Spring Semester","2020-11-13 14:16:13.324347"
"05 - Traditional","PE-03","255901107","2011","25590110705TradGYMEPE0322011","2010-2011 Spring Semester","2020-11-13 14:16:13.336816"
"03 - Traditional","PE-05","255901107","2011","25590110703TradGYMEPE0522011","2010-2011 Spring Semester","2020-11-13 14:16:13.350616"
"03 - Traditional","SCI-02","255901107","2011","25590110703Trad106SCI0222011","2010-2011 Spring Semester","2020-11-13 14:16:13.366339"
"04 - Traditional","SCI-02","255901107","2011","25590110704Trad105SCI0222011","2010-2011 Spring Semester","2020-11-13 14:16:13.379142"
"04 - Traditional","SCI-03","255901107","2011","25590110704Trad203SCI0322011","2010-2011 Spring Semester","2020-11-13 14:16:13.392289"
"06 - Traditional","SCI-05","255901107","2011","25590110706Trad301SCI0522011","2010-2011 Spring Semester","2020-11-13 14:16:13.406264"
"05 - Traditional","SS-01","255901107","2011","25590110705Trad101SS0122011","2010-2011 Spring Semester","2020-11-13 14:16:13.418675"
"07 - Traditional","SS-02","255901107","2011","25590110707Trad107SS0222011","2010-2011 Spring Semester","2020-11-13 14:16:13.436272"
"06 - Traditional","SS-03","255901107","2011","25590110706Trad202SS0322011","2010-2011 Spring Semester","2020-11-13 14:16:13.447206"
"06 - Traditional","SS-04","255901107","2011","25590110706Trad205SS0422011","2010-2011 Spring Semester","2020-11-13 14:16:13.459412"
"07 - Traditional","SS-04","255901107","2011","25590110707Trad206SS0422011","2010-2011 Spring Semester","2020-11-13 14:16:13.463467"
"01 - Traditional","ELA-04","255901107","2011","25590110701Trad207ELA0412011","2010-2011 Fall Semester","2020-11-13 14:16:12.265317"
"02 - Traditional","MATH-01","255901107","2011","25590110702Trad102MATH0112011","2010-2011 Fall Semester","2020-11-13 14:16:12.278579"
"02 - Traditional","MATH-02","255901107","2011","25590110702Trad106MATH0212011","2010-2011 Fall Semester","2020-11-13 14:16:12.292664"
"02 - Traditional","MATH-03","255901107","2011","25590110702Trad203MATH0312011","2010-2011 Fall Semester","2020-11-13 14:16:12.306501"
"02 - Traditional","MATH-04","255901107","2011","25590110702Trad206MATH0412011","2010-2011 Fall Semester","2020-11-13 14:16:12.319940"
"04 - Traditional","MATH-05","255901107","2011","25590110704Trad303MATH0512011","2010-2011 Fall Semester","2020-11-13 14:16:12.333575"
"03 - Traditional","MUS-01","255901107","2011","25590110703Trad501MUS0112011","2010-2011 Fall Semester","2020-11-13 14:16:12.347529"
"04 - Traditional","MUS-02","255901107","2011","25590110704Trad502MUS0212011","2010-2011 Fall Semester","2020-11-13 14:16:12.361681"
"03 - Traditional","MUS-03","255901107","2011","25590110703Trad502MUS0312011","2010-2011 Fall Semester","2020-11-13 14:16:12.375621"
"03 - Traditional","MUS-04","255901107","2011","25590110703Trad503MUS0412011","2010-2011 Fall Semester","2020-11-13 14:16:12.390229"
"01 - Traditional","MUS-05","255901107","2011","25590110701Trad503MUS0512011","2010-2011 Fall Semester","2020-11-13 14:16:12.636942"
"07 - Traditional","PE-01","255901107","2011","25590110707TradGYMEPE0112011","2010-2011 Fall Semester","2020-11-13 14:16:12.649575"
"05 - Traditional","PE-03","255901107","2011","25590110705TradGYMWPE0312011","2010-2011 Fall Semester","2020-11-13 14:16:12.662604"
"03 - Traditional","PE-05","255901107","2011","25590110703TradGYMEPE0512011","2010-2011 Fall Semester","2020-11-13 14:16:12.675149"
"04 - Traditional","SCI-01","255901107","2011","25590110704Trad104SCI0112011","2010-2011 Fall Semester","2020-11-13 14:16:12.688764"
"03 - Traditional","SCI-02","255901107","2011","25590110703Trad106SCI0212011","2010-2011 Fall Semester","2020-11-13 14:16:12.701824"
"05 - Traditional","SCI-04","255901107","2011","25590110705Trad206SCI0412011","2010-2011 Fall Semester","2020-11-13 14:16:12.739331"
"06 - Traditional","SCI-05","255901107","2011","25590110706Trad303SCI0512011","2010-2011 Fall Semester","2020-11-13 14:16:12.752750"
"05 - Traditional","SS-02","255901107","2011","25590110705Trad105SS0212011","2010-2011 Fall Semester","2020-11-13 14:16:12.764815"
"06 - Traditional","SS-03","255901107","2011","25590110706Trad203SS0312011","2010-2011 Fall Semester","2020-11-13 14:16:12.780282"
"06 - Traditional","SS-04","255901107","2011","25590110706Trad205SS0412011","2010-2011 Fall Semester","2020-11-13 14:16:12.792877"
"07 - Traditional","SS-05","255901107","2011","25590110707Trad301SS0512011","2010-2011 Fall Semester","2020-11-13 14:16:12.804100"
"02 - Traditional","ART-01","255901107","2011","25590110702Trad504ART0122011","2010-2011 Spring Semester","2020-11-13 14:16:12.815481"
"04 - Traditional","ART-02","255901107","2011","25590110704Trad504ART0222011","2010-2011 Spring Semester","2020-11-13 14:16:12.828492"
"03 - Traditional","ART-03","255901107","2011","25590110703Trad505ART0322011","2010-2011 Spring Semester","2020-11-13 14:16:12.841148"
"02 - Traditional","ART-04","255901107","2011","25590110702Trad506ART0422011","2010-2011 Spring Semester","2020-11-13 14:16:12.856108"
"01 - Traditional","ART-05","255901107","2011","25590110701Trad505ART0522011","2010-2011 Spring Semester","2020-11-13 14:16:12.868901"
"01 - Traditional","ELA-01","255901107","2011","25590110701Trad102ELA0122011","2010-2011 Spring Semester","2020-11-13 14:16:13.112511"
"01 - Traditional","ELA-02","255901107","2011","25590110701Trad106ELA0222011","2010-2011 Spring Semester","2020-11-13 14:16:13.128646"
"01 - Traditional","ELA-03","255901107","2011","25590110701Trad203ELA0322011","2010-2011 Spring Semester","2020-11-13 14:16:13.142783"
"01 - Traditional","ELA-04","255901107","2011","25590110701Trad207ELA0422011","2010-2011 Spring Semester","2020-11-13 14:16:13.157475"
"02 - Traditional","ELA-05","255901107","2011","25590110702Trad301ELA0522011","2010-2011 Spring Semester","2020-11-13 14:16:13.171550"
"03 - Traditional","MATH-01","255901107","2011","25590110703Trad101MATH0122011","2010-2011 Spring Semester","2020-11-13 14:16:13.187040"
"02 - Traditional","MATH-02","255901107","2011","25590110702Trad106MATH0222011","2010-2011 Spring Semester","2020-11-13 14:16:13.197862"
"03 - Traditional","MATH-03","255901107","2011","25590110703Trad202MATH0322011","2010-2011 Spring Semester","2020-11-13 14:16:13.219447"
"02 - Traditional","MATH-04","255901107","2011","25590110702Trad207MATH0422011","2010-2011 Spring Semester","2020-11-13 14:16:13.232058"
"04 - Traditional","MUS-01","255901107","2011","25590110704Trad501MUS0122011","2010-2011 Spring Semester","2020-11-13 14:16:13.257538"
"06 - Traditional","MUS-01","255901107","2011","25590110706Trad501MUS0122011","2010-2011 Spring Semester","2020-11-13 14:16:13.262012"
"05 - Traditional","MUS-02","255901107","2011","25590110705Trad502MUS0222011","2010-2011 Spring Semester","2020-11-13 14:16:13.273226"
"07 - Traditional","MUS-03","255901107","2011","25590110707Trad502MUS0322011","2010-2011 Spring Semester","2020-11-13 14:16:13.285809"
"07 - Traditional","MUS-04","255901107","2011","25590110707Trad503MUS0422011","2010-2011 Spring Semester","2020-11-13 14:16:13.300636"
"02 - Traditional","MUS-05","255901107","2011","25590110702Trad503MUS0522011","2010-2011 Spring Semester","2020-11-13 14:16:13.312083"
"06 - Traditional","PE-02","255901107","2011","25590110706TradGYMEPE0222011","2010-2011 Spring Semester","2020-11-13 14:16:13.325284"
"04 - Traditional","PE-04","255901107","2011","25590110704TradGYMEPE0422011","2010-2011 Spring Semester","2020-11-13 14:16:13.338322"
"03 - Traditional","SCI-01","255901107","2011","25590110703Trad103SCI0122011","2010-2011 Spring Semester","2020-11-13 14:16:13.351544"
"03 - Traditional","SCI-02","255901107","2011","25590110703Trad107SCI0222011","2010-2011 Spring Semester","2020-11-13 14:16:13.366943"
"04 - Traditional","SCI-03","255901107","2011","25590110704Trad201SCI0322011","2010-2011 Spring Semester","2020-11-13 14:16:13.381488"
"03 - Traditional","SCI-04","255901107","2011","25590110703Trad207SCI0422011","2010-2011 Spring Semester","2020-11-13 14:16:13.392986"
"05 - Traditional","SCI-04","255901107","2011","25590110705Trad208SCI0422011","2010-2011 Spring Semester","2020-11-13 14:16:13.406906"
"05 - Traditional","SS-01","255901107","2011","25590110705Trad104SS0122011","2010-2011 Spring Semester","2020-11-13 14:16:13.421346"
"05 - Traditional","SS-02","255901107","2011","25590110705Trad106SS0222011","2010-2011 Spring Semester","2020-11-13 14:16:13.436247"
"06 - Traditional","SS-03","255901107","2011","25590110706Trad203SS0322011","2010-2011 Spring Semester","2020-11-13 14:16:13.448864"
"06 - Traditional","SS-04","255901107","2011","25590110706Trad207SS0422011","2010-2011 Spring Semester","2020-11-13 14:16:13.460454"
"07 - Traditional","SS-05","255901107","2011","25590110707Trad301SS0522011","2010-2011 Spring Semester","2020-11-13 14:16:13.473566"
"02 - Traditional","ART-03","255901107","2011","25590110702Trad505ART0322011","2010-2011 Spring Semester","2020-11-13 14:16:12.842044"
"03 - Traditional","ART-04","255901107","2011","25590110703Trad506ART0422011","2010-2011 Spring Semester","2020-11-13 14:16:12.856124"
"04 - Traditional","ART-05","255901107","2011","25590110704Trad506ART0522011","2010-2011 Spring Semester","2020-11-13 14:16:12.878353"
"01 - Traditional","ELA-01","255901107","2011","25590110701Trad103ELA0122011","2010-2011 Spring Semester","2020-11-13 14:16:13.114575"
"01 - Traditional","ELA-02","255901107","2011","25590110701Trad107ELA0222011","2010-2011 Spring Semester","2020-11-13 14:16:13.128686"
"01 - Traditional","ELA-02","255901107","2011","25590110701Trad108ELA0222011","2010-2011 Spring Semester","2020-11-13 14:16:13.139168"
"01 - Traditional","ELA-03","255901107","2011","25590110701Trad204ELA0322011","2010-2011 Spring Semester","2020-11-13 14:16:13.153514"
"02 - Traditional","ELA-05","255901107","2011","25590110702Trad303ELA0522011","2010-2011 Spring Semester","2020-11-13 14:16:13.171593"
"02 - Traditional","MATH-01","255901107","2011","25590110702Trad104MATH0122011","2010-2011 Spring Semester","2020-11-13 14:16:13.186025"
"02 - Traditional","MATH-02","255901107","2011","25590110702Trad107MATH0222011","2010-2011 Spring Semester","2020-11-13 14:16:13.198890"
"05 - Traditional","MATH-05","255901107","2011","25590110705Trad301MATH0522011","2010-2011 Spring Semester","2020-11-13 14:16:13.244568"
"07 - Traditional","MUS-02","255901107","2011","25590110707Trad501MUS0222011","2010-2011 Spring Semester","2020-11-13 14:16:13.273582"
"06 - Traditional","MUS-03","255901107","2011","25590110706Trad502MUS0322011","2010-2011 Spring Semester","2020-11-13 14:16:13.286004"
"05 - Traditional","MUS-04","255901107","2011","25590110705Trad503MUS0422011","2010-2011 Spring Semester","2020-11-13 14:16:13.300017"
"04 - Traditional","MUS-05","255901107","2011","25590110704Trad503MUS0522011","2010-2011 Spring Semester","2020-11-13 14:16:13.314294"
"06 - Traditional","PE-02","255901107","2011","25590110706TradGYMWPE0222011","2010-2011 Spring Semester","2020-11-13 14:16:13.326520"
"04 - Traditional","PE-04","255901107","2011","25590110704TradGYMWPE0422011","2010-2011 Spring Semester","2020-11-13 14:16:13.338554"
"04 - Traditional","SCI-01","255901107","2011","25590110704Trad101SCI0122011","2010-2011 Spring Semester","2020-11-13 14:16:13.351652"
"04 - Traditional","SCI-01","255901107","2011","25590110704Trad104SCI0122011","2010-2011 Spring Semester","2020-11-13 14:16:13.366527"
"04 - Traditional","SCI-03","255901107","2011","25590110704Trad202SCI0322011","2010-2011 Spring Semester","2020-11-13 14:16:13.380718"
"05 - Traditional","SCI-04","255901107","2011","25590110705Trad205SCI0422011","2010-2011 Spring Semester","2020-11-13 14:16:13.393293"
"06 - Traditional","SCI-05","255901107","2011","25590110706Trad302SCI0522011","2010-2011 Spring Semester","2020-11-13 14:16:13.407041"
"06 - Traditional","SS-01","255901107","2011","25590110706Trad102SS0122011","2010-2011 Spring Semester","2020-11-13 14:16:13.421573"
"06 - Traditional","SS-01","255901107","2011","25590110706Trad103SS0122011","2010-2011 Spring Semester","2020-11-13 14:16:13.431542"
"07 - Traditional","SS-05","255901107","2011","25590110707Trad302SS0522011","2010-2011 Spring Semester","2020-11-13 14:16:13.473433"
"05 - Traditional","SCI-04","255901107","2011","25590110705Trad206SCI0422011","2010-2011 Spring Semester","2020-11-13 14:16:13.404623"
"06 - Traditional","SCI-05","255901107","2011","25590110706Trad303SCI0522011","2010-2011 Spring Semester","2020-11-13 14:16:13.418648"
"05 - Traditional","SS-02","255901107","2011","25590110705Trad105SS0222011","2010-2011 Spring Semester","2020-11-13 14:16:13.434666"
"07 - Traditional","SS-02","255901107","2011","25590110707Trad108SS0222011","2010-2011 Spring Semester","2020-11-13 14:16:13.445651"
"07 - Traditional","SS-03","255901107","2011","25590110707Trad201SS0322011","2010-2011 Spring Semester","2020-11-13 14:16:13.450352"
"07 - Traditional","SS-03","255901107","2011","25590110707Trad204SS0322011","2010-2011 Spring Semester","2020-11-13 14:16:13.459631"
"07 - Traditional","SS-04","255901107","2011","25590110707Trad208SS0422011","2010-2011 Spring Semester","2020-11-13 14:16:13.471828"
"07 - Traditional","SS-05","255901107","2011","25590110707Trad303SS0522011","2010-2011 Spring Semester","2020-11-13 14:16:13.476549"
"07 - Traditional","SS-05","255901107","2011","25590110707Trad304SS0522011","2010-2011 Spring Semester","2020-11-13 14:16:13.485235"
"01 - Traditional","SPAN-2","255901001","2011","25590100101Trad324SPAN212011","2010-2011 Fall Semester","2020-11-13 14:16:11.311745"
"03 - Traditional","TAMULTIM","255901001","2011","25590100103Trad323TAMULTIM1201","2010-2011 Fall Semester","2020-11-13 14:16:11.331462"
"01 - Traditional","US-HIST","255901001","2011","25590100101Trad123USHIST12011","2010-2011 Fall Semester","2020-11-13 14:16:11.340144"
"07 - Traditional","US-HIST","255901001","2011","25590100107Trad123USHIST12011","2010-2011 Fall Semester","2020-11-13 14:16:11.347372"
"04 - Traditional","WGEO","255901001","2011","25590100104Trad122WGEO12011","2010-2011 Fall Semester","2020-11-13 14:16:11.352467"
"02 - Traditional","ALG-1","255901001","2011","25590100102Trad220ALG122011","2010-2011 Spring Semester","2020-11-13 14:16:11.364997"
"05 - Traditional","ALG-2","255901001","2011","25590100105Trad220ALG222011","2010-2011 Spring Semester","2020-11-13 14:16:11.378891"
"02 - Traditional","ART-1","255901001","2011","25590100102Trad322ART122011","2010-2011 Spring Semester","2020-11-13 14:16:11.392188"
"06 - Traditional","ART3-EM","255901001","2011","25590100106Trad323ART3EM22011","2010-2011 Spring Semester","2020-11-13 14:16:11.405543"
"05 - Traditional","BIO","255901001","2011","25590100105Trad222BIO22011","2010-2011 Spring Semester","2020-11-13 14:16:11.419308"
"04 - Traditional","CHEM","255901001","2011","25590100104Trad223CHEM22011","2010-2011 Spring Semester","2020-11-13 14:16:11.431745"
"02 - Traditional","ECO-FE","255901001","2011","25590100102Trad124ECOFE22011","2010-2011 Spring Semester","2020-11-13 14:16:11.446182"
"02 - Traditional","ENG-1","255901001","2011","25590100102Trad120ENG122011","2010-2011 Spring Semester","2020-11-13 14:16:11.458987"
"06 - Traditional","ENG-2","255901001","2011","25590100106Trad120ENG222011","2010-2011 Spring Semester","2020-11-13 14:16:11.472693"
"03 - Traditional","ENG-3","255901001","2011","25590100103Trad121ENG322011","2010-2011 Spring Semester","2020-11-13 14:16:11.486212"
"01 - Traditional","ENVIRSYS","255901001","2011","25590100101Trad222ENVIRSYS2201","2010-2011 Spring Semester","2020-11-13 14:16:11.499157"
"03 - Traditional","GEOM","255901001","2011","25590100103Trad221GEOM22011","2010-2011 Spring Semester","2020-11-13 14:16:11.512659"
"07 - Traditional","GOVT","255901001","2011","25590100107Trad122GOVT22011","2010-2011 Spring Semester","2020-11-13 14:16:11.526686"
"07 - Traditional","HLTH-ED","255901001","2011","25590100107Trad320HLTHED22011","2010-2011 Spring Semester","2020-11-13 14:16:11.539047"
"01 - Traditional","PHOTJOUR","255901001","2011","25590100101Trad124PHOTJOUR2201","2010-2011 Spring Semester","2020-11-13 14:16:11.553360"
"01 - Traditional","PHYSICS","255901001","2011","25590100101Trad223PHYSICS22011","2010-2011 Spring Semester","2020-11-13 14:16:11.563965"
"05 - Traditional","PRE-CALC","255901001","2011","25590100105Trad221PRECALC22011","2010-2011 Spring Semester","2020-11-13 14:16:11.580535"
"07 - Traditional","PRE-CALC","255901001","2011","25590100107Trad221PRECALC22011","2010-2011 Spring Semester","2020-11-13 14:16:11.592402"
"02 - Traditional","SPAN-1","255901001","2011","25590100102Trad324SPAN122011","2010-2011 Spring Semester","2020-11-13 14:16:11.597486"
"01 - Traditional","SPAN-2","255901001","2011","25590100101Trad324SPAN222011","2010-2011 Spring Semester","2020-11-13 14:16:11.609625"
"03 - Traditional","TAMULTIM","255901001","2011","25590100103Trad323TAMULTIM2201","2010-2011 Spring Semester","2020-11-13 14:16:11.625072"
"07 - Traditional","US-HIST","255901001","2011","25590100107Trad123USHIST22011","2010-2011 Spring Semester","2020-11-13 14:16:11.649290"
"04 - Traditional","WGEO","255901001","2011","25590100104Trad122WGEO22011","2010-2011 Spring Semester","2020-11-13 14:16:11.660572"
"05 - Traditional","ART-06","255901044","2011","25590104405Trad114ART0612011","2010-2011 Fall Semester","2020-11-13 14:16:11.682634"
"01 - Traditional","BAND-08","255901044","2011","25590104401Trad310BAND0812011","2010-2011 Fall Semester","2020-11-13 14:16:11.697079"
"02 - Traditional","BAND-08","255901044","2011","25590104402Trad310BAND0812011","2010-2011 Fall Semester","2020-11-13 14:16:11.703946"
"01 - Traditional","ELA-06","255901044","2011","25590104401Trad110ELA0612011","2010-2011 Fall Semester","2020-11-13 14:16:11.722980"
"05 - Traditional","ELA-08","255901044","2011","25590104405Trad111ELA0812011","2010-2011 Fall Semester","2020-11-13 14:16:11.746689"
"06 - Traditional","ELA-08","255901044","2011","25590104406Trad111ELA0812011","2010-2011 Fall Semester","2020-11-13 14:16:11.751910"
"07 - Traditional","ELA-08","255901044","2011","25590104407Trad111ELA0812011","2010-2011 Fall Semester","2020-11-13 14:16:11.766348"
"05 - Traditional","HLTH-08","255901044","2011","25590104405Trad115HLTH0812011","2010-2011 Fall Semester","2020-11-13 14:16:11.808740"
"03 - Traditional","MATH-06","255901044","2011","25590104403Trad210MATH0612011","2010-2011 Fall Semester","2020-11-13 14:16:11.816752"
"05 - Traditional","MATH-07","255901044","2011","25590104405Trad210MATH0712011","2010-2011 Fall Semester","2020-11-13 14:16:11.834100"
"05 - Traditional","MATH-07","255901044","2011","25590104405Trad211MATH0712011","2010-2011 Fall Semester","2020-11-13 14:16:11.844231"
"07 - Traditional","MUS-06","255901044","2011","25590104407Trad310MUS0612011","2010-2011 Fall Semester","2020-11-13 14:16:11.860130"
"06 - Traditional","PE-06","255901044","2011","25590104406TradGYMNPE0612011","2010-2011 Fall Semester","2020-11-13 14:16:11.870532"
"03 - Traditional","PE-07","255901044","2011","25590104403TradGYMNPE0712011","2010-2011 Fall Semester","2020-11-13 14:16:11.878634"
"03 - Traditional","PE-08","255901044","2011","25590104403TradGYMNPE0712011","2010-2011 Fall Semester","2020-11-13 14:16:11.883379"
"04 - Traditional","SCI-06","255901044","2011","25590104404Trad212SCI0612011","2010-2011 Fall Semester","2020-11-13 14:16:11.895898"
"06 - Traditional","SCI-07","255901044","2011","25590104406Trad213SCI0712011","2010-2011 Fall Semester","2020-11-13 14:16:11.908595"
"07 - Traditional","SCI-08","255901044","2011","25590104407Trad213SCI0812011","2010-2011 Fall Semester","2020-11-13 14:16:11.919330"
"06 - Traditional","SS-06","255901044","2011","25590104406Trad112SS0612011","2010-2011 Fall Semester","2020-11-13 14:16:11.924652"
"06 - Traditional","SS-07","255901044","2011","25590104406Trad113SS0712011","2010-2011 Fall Semester","2020-11-13 14:16:11.933501"
"01 - Traditional","SS-08","255901044","2011","25590104407Trad112SS0712011","2010-2011 Fall Semester","2020-11-13 14:16:11.938781"
"06 - Traditional","ART-06","255901044","2011","25590104406Trad114ART0622011","2010-2011 Spring Semester","2020-11-13 14:16:11.951406"
"01 - Traditional","BAND-07","255901044","2011","25590104401Trad310BAND0722011","2010-2011 Spring Semester","2020-11-13 14:16:11.961372"
"02 - Traditional","BAND-08","255901044","2011","25590104402Trad310BAND0822011","2010-2011 Spring Semester","2020-11-13 14:16:11.973207"
"04 - Traditional","ELA-07","255901044","2011","25590104404Trad110ELA0722011","2010-2011 Spring Semester","2020-11-13 14:16:11.987774"
"05 - Traditional","ELA-08","255901044","2011","25590104405Trad111ELA0822011","2010-2011 Spring Semester","2020-11-13 14:16:12.000441"
"04 - Traditional","HLTH-08","255901044","2011","25590104404Trad115HLTH0822011","2010-2011 Spring Semester","2020-11-13 14:16:12.014394"
"02 - Traditional","MATH-06","255901044","2011","25590104402Trad210MATH0622011","2010-2011 Spring Semester","2020-11-13 14:16:12.027637"
"05 - Traditional","MATH-07","255901044","2011","25590104405Trad210MATH0722011","2010-2011 Spring Semester","2020-11-13 14:16:12.040512"
"07 - Traditional","MATH-08","255901044","2011","25590104407Trad211MATH0822011","2010-2011 Spring Semester","2020-11-13 14:16:12.053738"
"06 - Traditional","PE-06","255901044","2011","25590104406TradGYMNPE0622011","2010-2011 Spring Semester","2020-11-13 14:16:12.067641"
"05 - Traditional","PE-08","255901044","2011","25590104402TradGYMSPE0722011","2010-2011 Spring Semester","2020-11-13 14:16:12.086170"
"05 - Traditional","SCI-06","255901044","2011","25590104405Trad212SCI0622011","2010-2011 Spring Semester","2020-11-13 14:16:12.096406"
"06 - Traditional","SCI-07","255901044","2011","25590104406Trad212SCI0722011","2010-2011 Spring Semester","2020-11-13 14:16:12.109161"
"07 - Traditional","SCI-08","255901044","2011","25590104407Trad213SCI0822011","2010-2011 Spring Semester","2020-11-13 14:16:12.122120"
"06 - Traditional","SS-07","255901044","2011","25590104406Trad113SS0722011","2010-2011 Spring Semester","2020-11-13 14:16:12.135271"
